ficodesd,ficode_standard,Nobs
child benefit (including lone-parent child benefit payments),child_benefit,57981
a pension from a previous employer,pension,47757
child tax credit,child_tax_credit,43726
council tax benefit,council_tax_benefit,39292
ni retirement/state retirement (old age) pension,state_pension,38786
ni retirement / state retirement (old age) pension,state_pension,32725
housing benefit,housing_benefit,31545
disability living allowance,dla_pip,18531
rent from any other property,rent,14514
child benefit (incl. lone-parent child benefit payments),child_benefit,11413
working tax credit (includes disabled person s tax credit),working_tax_credit,11323
income support,income_support,11290
a private pension / annuity,pension,9755
a private pension/annuity,pension,9372
pension credit (includes guarantee credit & saving credit),pension,7313
"pension, previous employer",pension,6416
incapacity benefit,incapacity_benefit,6364
a pension from a spouse s previous employer,pension,6172
educational grant (not student loan or tuition fee loan,other,5755
maintenance or alimony,other,5740
employment and support allowance,disability,5023
attendance allowance,attendance_allowance,4892
working tax credit (includes disabled person's tax credit),working_tax_credit,4603
any other regular payment,other,4192
job seeker s allowance,jsa,4074
payments from a family member not living here,other,4028
carer s allowance (formerly invalid care allowance),carer_allowance,3670
working tax credit (incl. disabled person's tax credit),working_tax_credit,3011
job seeker's allowance,jsa,2957
a pension from a spouse's previous employer,pension,2952
private pension/annuity,pension,2003
severe disablement allowance,disability,1963
income from any other state benefit,other,1908
carer's allowance (formerly invalid care allowance),carer_allowance,1833
rate rebate,ni_rate_rebate,1577
income suppor t,income_support,1316
industrial injury disablement allowance,disability,1288
rent rebate,housing_benefit,1279
pension from a spouse's previous employer,pension,1231
pension credit (includes guarantee credit &amp; saving credit),pension_credit,1147
any other state benefit,other,1047
rent from boarders or lodgers (not family members) living he,rent,1036
pension credit (incl. guarantee credit & saving credit),pension_credit,1030
other disability related benefit or payment,disability,989
educational grant (not student loan or tuition fee loan),educational_grant,951
national insurance credits,other,866
a widow s or war widow s pension,pension,854
war disablement pension,pension,684
carer's allowance (was invalid care allowance),carer_allowance,653
personal independence payments,dla_pip,641
rent from boarders or lodgers (not family members) living here with you,rent,568
universal credit,universal_credit,514
maternity allowance,other,406
a widow's or war widow's pension,pension,390
ren t from boarders or lodgers (not family members) living here with you,rent,283
foster allowance / guardian allowance,other,268
widow's or war widow's pension,pension,196
return to work credit,working_tax_credit,176
trade union / friendly society payment,other,144
sickness and accident insurance,other,112
a widowed mother s allowance / widowed parent s allowance,pension,105
a widowed mother's allowance / widowed parent's allowance / bereavement allowance,pension,73
in-work credit for lone parents,other,68
personal independence payment,dla_pip,63
a widowed mother s allowance/widowed parent's allowance,pension,41
widowed mother's allowance / widowed parent's allowance / be,pension,18