jbstat,jbstat_sd
paid employment(ft/pt),employed
in paid employment (full or part-time),employed
on maternity leave,maternity_leave
family care or home,family_care
self employed,self_employed
unemployed,unemployed
full-time student,student
lt sick or disabled,lt_sick_disabled
long term sick or disabled,lt_sick_disabled
retired,retired
looking after family or home,family_care
doing something else,other
on a government training scheme,government_training
long-term sick or disabled,lt_sick_disabled
working in an apprenticeship,apprenticeship
on apprenticeship,apprenticeship
govt training scheme,government_training
don't know,other
"unpaid, family business",other
unpaid worker in family business,other
refused,
refusal,
inapplicable,
missing,
Proxy and or phone,
In paid employ,employed
Family care,family_care
Unemployed,unemployed
"LT sick, disabld",lt_sick_disabled
"FT studt, school",student
Self employed,self_employed
Maternity leave,maternity_leave
Missing or wild,
Retired,retired
Something else,other
Not answered,
Govt trng scheme,government_training
Refused,