vote4,V1,V2,N,
labour {if region = england/scotland/wales},4,7,33739,lab
proxy,2,7,21490,
inapplicable,1,7,149826,
conservatives {if region = england/scotland/wales},4,7,26723,con
spontaneous other party,4,7,1151,ukipother
conservative,1,3,23899,con
green party,1,7,3440,greens
labour,1,3,31326,lab
sinn fein {if region = northern ireland},4,7,1287,sinn fein
sdlp,1,3,724,ld
sdlp {if region = northern ireland},4,7,804,ld
scottish national party {if region = scotland},4,7,2771,snp
proxy respondent,1,1,3262,
liberal democrat {if region = england/scotland/wales},4,7,5435,ld
liberal democrat,1,3,7743,ld
don't know,1,3,334,
uk independence party,5,6,2349,ukipother
not elsewhere codable,1,3,1928,ukipother
UK Independence Party,7,7,949,ukipother
dont know,4,7,451,
refusal,1,3,572,
refused,4,7,558,
british national party,5,6,144,ukipother
can't vote,1,3,259,
spontaneous cant vote,4,7,148,
plaid cymru,1,3,511,plaid cymru
plaid cymru {if region = wales},4,7,569,plaid cymru
scottish national party,1,3,1743,snp
British National Party,7,7,37,ukipother
democratic unionist,1,3,961,dup
alliance party,1,3,352,alliance party
ulster unionist {if region = northern ireland},4,7,1179,ulster unionist
alliance party {if region = northern ireland},4,7,650,alliance party
ulster unionist,1,3,1146,ulster unionist
democratic unionist {if region = northern ireland},4,7,1134,dup
sinn fein,1,3,645,sinn fein
missing,3,7,2,
Not available for IEMB,6,6,4656,
none,,,,none
spontaneous none,,,,none
conservatives,,,,con
other party,,,,ukipother
not available for iemb,,,,
lib dem /lib/sdp,,,,ld
scot nat,,,,snp